DROP TABLE IF EXISTS `product_spu`;
CREATE TABLE `product_spu` (
    `id` bigint NOT NULL AUTO_INCREMENT COMMENT 'ID',
    `pic_url` varchar(512) CHARACTER SET utf8mb4 COLLATE utf8mb4_unicode_ci NOT NULL DEFAULT '' COMMENT '商品图片',
    `name` varchar(128) CHARACTER SET utf8mb4 COLLATE utf8mb4_unicode_ci NOT NULL COMMENT '名称',
    `summary` varchar(512) CHARACTER SET utf8mb4 COLLATE utf8mb4_unicode_ci NOT NULL DEFAULT '' COMMENT '摘要',
    `type` tinyint NOT NULL DEFAULT 0 COMMENT '类型，0-一次性，1-订阅',
    `status` tinyint NOT NULL DEFAULT 0 COMMENT '状态，0-下架 1-正常',
    `create_by` bigint NULL DEFAULT NULL COMMENT '创建者',
    `create_time` datetime NOT NULL DEFAULT CURRENT_TIMESTAMP COMMENT '创建时间',
    `update_by` bigint NULL DEFAULT NULL COMMENT '更新者',
    `update_time` datetime NOT NULL DEFAULT CURRENT_TIMESTAMP ON UPDATE CURRENT_TIMESTAMP COMMENT '更新时间',
    `delete_time` datetime DEFAULT NULL COMMENT '删除时间',
    PRIMARY KEY (`id`) USING BTREE
) ENGINE=InnoDB AUTO_INCREMENT=1 DEFAULT CHARSET=utf8mb4 COLLATE=utf8mb4_unicode_ci COMMENT='商品SPU表';

INSERT INTO `product_spu` (id, pic_url, name, summary, type, status) VALUES
    (1, 'https://localhost:8080/pic', '游戏', '玩游戏，时长有 30min、1hour，不限制任何设备。', 0, 1),
    (2, 'https://localhost:8080/pic', '逛B站', '逛B站，时长有 30min、1hour，设备有 iPad。', 0, 1),
    (3, 'https://localhost:8080/pic', '逛B站（包周）', '一周内每天逛B站，时长有 30min/day，设备有 iPad。', 1, 1),
    (4, 'https://localhost:8080/pic', '使用手机', '使用手机，时长有 15min、30min，不限制任何 APP。', 0, 1),
    (5, 'https://localhost:8080/pic', '使用手机（包周）', '一周内每天使用手机，时长有 1hour/day，不限制任何 APP。', 1, 1),
    (6, 'https://localhost:8080/pic', '盲盒', '随机开盲盒，数量有 1、3、5。', 0, 1),
    (7, 'https://localhost:8080/pic', '奖励自己', '懂得都懂，奖励自己，数量有 1。', 0, 1),
    (8, 'https://localhost:8080/pic', '听歌', '听歌，时长有 30min，不限于任何设备，但一次只能在一款设备消费。', 0, 1),
    (9, 'https://localhost:8080/pic', '听歌（包周）', '一周内每天听歌，时长有 1hour/day，不限于任何设备，但一次只能在一款设备消费。', 0, 1),
    (10, 'https://localhost:8080/pic', 'Mac 上网', '使用 Mac 上网，时长有 1hour，不限制任何应用（B站、听歌除外）。', 0, 1),
    (11, 'https://localhost:8080/pic', 'Mac 上网（包周）', '一周内每天使用 Mac 上网，时长有 2hour/day，不限制任何应用（B站、听歌除外）。', 1, 1),
    (12, 'https://localhost:8080/pic', '花钱', '自由花钱，金额有 1RMB、50RMB，不限制任何目的。', 0, 1),
    (100, 'https://localhost:8080/pic', '方天画戟', '方天画戟是中国古代一种冷兵器，形制复杂，集戟、刀、矛于一体，因其两侧有月牙刃，常见于武将使用，尤其与三国名将吕布联系密切，成为其象征性武器。', 0, 1),
    (101, 'https://localhost:8080/pic', '赤兔马', '赤兔马是中国古代名马，以速度快、耐力强著称，因通体赤红如火得名。三国时期，曾为吕布坐骑，后归关羽，成为忠义与英雄的象征。', 0, 1),
    (102, 'https://localhost:8080/pic', '双股剑', '双股剑是中国传统冷兵器，由两把相同的细长剑组成，通常成对携带，剑身轻巧灵活，适合快速刺击和旋转攻击。双股剑因双剑合并可插入同一剑鞘，既可单用，又可双持，武术中常见。', 0, 1),
    (103, 'https://localhost:8080/pic', '丈八蛇矛', '丈八蛇矛是中国古代一种长兵器，长度约一丈八尺，矛身细长、前端弯曲如蛇，适合冲刺和扫击。因三国名将张飞使用而闻名，具有威慑力和灵活性，是他在战场上的标志性武器。', 0, 1),
    (104, 'https://localhost:8080/pic', '的卢马', '的卢马是三国时期蜀汉名将刘备的坐骑，以速度快、跳跃力强闻名。传说它曾在战斗中救过刘备，跳越陷坑脱险。因这段经历，它被视为忠诚、勇敢的象征。', 0, 1),
    (105, 'https://localhost:8080/pic', '青龙偃月刀', '青龙偃月刀是一种古代中国冷兵器，因其刀身弯曲、形似青龙而得名。刀刃宽大、长柄设计使其适合砍击。三国演义中的关羽常用此刀，象征力量和威严。', 0, 1),
    (106, 'https://localhost:8080/pic', '出师表', '《出师表》是诸葛亮写给刘禅的奏章，分两篇，第一篇表忠心与策略，第二篇总结过去，恳请继续信任。体现了诸葛亮的忠诚、智慧和对国家的责任感。', 0, 1),
    (107, 'https://localhost:8080/pic', '诸葛连弩', '诸葛连弩是三国时期蜀汉丞相诸葛亮发明的一种弩箭武器，具有连发功能。它设计巧妙，能在短时间内发射多支箭矢，提高战场上的打击效率。', 0, 1),
    (108, 'https://localhost:8080/pic', '木牛流马', '木牛流马是诸葛亮发明的一种木制战车，用于解决蜀汉军队在山地作战中的交通问题。它能模仿牛马的步态，便于运送粮草和人员，提高了军队的机动性。', 0, 1),
    (109, 'https://localhost:8080/pic', '藤甲', '藤甲是一种古代防护装备，由藤条编织而成，轻便且具有一定的防护能力。它在战斗中能有效抵御箭矢和轻武器攻击，同时便于士兵活动。', 0, 1);


DROP TABLE IF EXISTS `product_sku`;
CREATE TABLE `product_sku` (
    `id` bigint NOT NULL AUTO_INCREMENT COMMENT 'ID',
    `spu_id` bigint NOT NULL COMMENT '商品ID',
    `name` varchar(128) CHARACTER SET utf8mb4 COLLATE utf8mb4_unicode_ci NOT NULL COMMENT '名称',
    `price` bigint NOT NULL COMMENT '价格（分）',
    `stock` int UNSIGNED NOT NULL DEFAULT 0 COMMENT '库存数量',
    `locked_stock` int NOT NULL DEFAULT 0 COMMENT '库存锁定数量',
    `member_level_id` bigint NOT NULL DEFAULT 0 COMMENT '可购买的会员等级',
    `status` tinyint NOT NULL DEFAULT 0 COMMENT '状态，0-下架 1-正常',
    `create_by` bigint NULL DEFAULT NULL COMMENT '创建者',
    `create_time` datetime NOT NULL DEFAULT CURRENT_TIMESTAMP COMMENT '创建时间',
    `update_by` bigint NULL DEFAULT NULL COMMENT '更新者',
    `update_time` datetime NOT NULL DEFAULT CURRENT_TIMESTAMP ON UPDATE CURRENT_TIMESTAMP COMMENT '更新时间',
    `delete_time` datetime DEFAULT NULL COMMENT '删除时间',
    PRIMARY KEY (`id`) USING BTREE
) ENGINE=InnoDB AUTO_INCREMENT=1 DEFAULT CHARSET=utf8mb4 COLLATE=utf8mb4_unicode_ci COMMENT='商品SKU表';

INSERT INTO `product_sku` (id, spu_id, name, price, stock, member_level_id, status) VALUES
    (1, 1, 'x30min', 55, 7, 1, 1),
    (2, 1, 'x1hour', 100, 3, 3, 1),
    (3, 2, 'x30min iPad', 30, 10, 1, 1),
    (4, 2, 'x1hour iPad', 50, 5, 1, 1),
    (5, 3, 'x30min/day iPad', 150, 2, 2, 1),
    (6, 4, 'x15min', 35, 14, 1, 1),
    (7, 4, 'x30min', 65, 60, 2, 1),
    (8, 5, 'x1hour/day', 800, 2, 2, 1),
    (9, 6, 'x1', 120, 5, 2, 1),
    (10, 6, 'x3', 330, 5, 3, 1),
    (11, 6, 'x5', 500, 3, 4, 1),
    (12, 7, 'x1', 500, 2, 4, 1),
    (13, 8, 'x30min', 30, 10, 1, 1),
    (14, 9, 'x1hour/day', 350, 5, 2, 1),
    (15, 10, 'x1hour', 30, 7, 1, 1),
    (16, 11, 'x2hour/day', 300, 3, 2, 1),
    (17, 12, 'x1RMB', 10, 20, 2, 1),
    (18, 12, 'x50RMB', 480, 1, 4, 1),
    (100, 100, '黑色 1.8m', 9, 3200, 0, 1),
    (101, 100, '黑色 1.5m', 9, 3300, 0, 1),
    (102, 100, '白色 1.8m', 9, 3400, 0, 1),
    (103, 100, '白色 1.5m', 9, 3500, 0, 1),
    (104, 101, '公', 8, 4100, 0, 1),
    (105, 101, '母', 8, 4200, 0, 1),
    (106, 102, '红+蓝', 7, 3800, 0, 1),
    (107, 102, '黑+黑', 7, 3900, 0, 1),
    (108, 103, '2m', 6, 2600, 0, 1),
    (109, 103, '1.7m', 6, 2700, 0, 1),
    (110, 104, '棕色 公', 5, 5100, 0, 1),
    (111, 104, '棕色 母', 5, 5200, 0, 1),
    (112, 104, '白色 母', 5, 5300, 0, 1),
    (113, 104, '白色 母', 5, 5400, 0, 1),
    (114, 105, '1.5m', 8, 1700, 0, 1),
    (115, 105, '1.8m', 8, 1800, 0, 1),
    (116, 105, '2m', 8, 1900, 0, 1),
    (117, 106, '中文版', 10, 5700, 0, 1),
    (118, 106, '英文版', 10, 5800, 0, 1),
    (119, 107, '黑色', 4, 4500, 0, 1),
    (120, 107, '白色', 4, 4600, 0, 1),
    (121, 108, '20斤', 2, 2100, 0, 1),
    (122, 108, '50斤', 2, 2200, 0, 1),
    (123, 109, 'S', 1, 6000, 0, 1),
    (124, 109, 'M', 1, 6000, 0, 1),
    (125, 109, 'L', 1, 6000, 0, 1),
    (126, 109, 'XL', 1, 6000, 0, 1);


DROP TABLE IF EXISTS `product_stock_rule`;
CREATE TABLE `product_stock_rule` (
    `id` bigint NOT NULL AUTO_INCREMENT COMMENT 'ID',
    `sku_id` bigint NOT NULL COMMENT '商品ID',
    `type` tinyint NOT NULL DEFAULT 0 COMMENT '更新类型，0-手动更新，1-定时定量更新，2-定时不定量更新',
    `reset` bit(1) NOT NULL DEFAULT b'0' COMMENT '是否重置，否则累加库存',
    `quantity` int NULL DEFAULT NULL COMMENT '更新数量',
    `min_quantity` int NULL DEFAULT NULL COMMENT '最少更新数量',
    `max_quantity` int NULL DEFAULT NULL COMMENT '最多更新数量',
    `cron` varchar(32) CHARACTER SET utf8mb4 COLLATE utf8mb4_unicode_ci NOT NULL DEFAULT '' COMMENT '更新 cron 表达式',
    `status` tinyint NOT NULL DEFAULT 1 COMMENT '状态，0-关闭，1-开启',
    `remark` varchar(512) COLLATE utf8mb4_unicode_ci NOT NULL DEFAULT '' COMMENT '备注',
    `create_by` bigint NULL DEFAULT NULL COMMENT '创建者',
    `create_time` datetime NOT NULL DEFAULT CURRENT_TIMESTAMP COMMENT '创建时间',
    `update_by` bigint NULL DEFAULT NULL COMMENT '更新者',
    `update_time` datetime NOT NULL DEFAULT CURRENT_TIMESTAMP ON UPDATE CURRENT_TIMESTAMP COMMENT '更新时间',
    `delete_time` datetime DEFAULT NULL COMMENT '删除时间',
    PRIMARY KEY (`id`) USING BTREE
) ENGINE=InnoDB AUTO_INCREMENT=1 DEFAULT CHARSET=utf8mb4 COLLATE=utf8mb4_unicode_ci COMMENT='库存更新规则表';

INSERT INTO `product_stock_rule` (id, sku_id, type, reset, quantity, min_quantity, max_quantity, cron, status, remark) VALUES
    (1, 1, 1, b'1', 7, null, null, '0 0 0 ? * 1', 1, '定时定量，重置库存，每周一零点更新'),
    (2, 2, 1, b'1', 3, null, null, '0 0 0 ? * 1', 1, '定时定量，重置库存，每周一零点更新'),
    (3, 3, 2, b'0', null, 1, 10, '0 0 0 ? * 3', 1, '定时不定量，不重置库存，每周三零点更新'),
    (4, 4, 2, b'0', null, 0, 5, '0 0 0 ? * 3', 1, '定时不定量，不重置库存，每周三零点更新'),
    (5, 5, 2, b'0', null, 0, 2, '0 0 0 ? * 3', 1, '定时不定量，不重置库存，每周三零点更新'),
    (6, 6, 1, b'1', 14, null, null, '0 0 0 ? * 5', 1, '定时定量，重置库存，每周五零点更新'),
    (7, 7, 2, b'1', null, 0, 5, '0 0 0 ? * 5', 1, '定时不定量，重置库存，每周五零点更新'),
    (8, 8, 2, b'1', null, 0, 2, '0 0 0 ? * 5', 1, '定时不定量，重置库存，每周五零点更新'),
    (9, 9, 1, b'1', 5, null, null, '0 0 0 ? * 2', 1, '定时定量，重置库存，每周二零点更新'),
    (10, 10, 1, b'1', 5, null, null, '0 0 0 ? * 2', 1, '定时定量，重置库存，每周二零点更新'),
    (11, 11, 2, b'1', null, 1, 3, '0 0 0 ? * 2', 1, '定时不定量，重置库存，每周二零点更新'),
    (12, 12, 2, b'1', null, 0, 2, '0 0 0 ? * 2', 1, '定时不定量，重置库存，每周二零点更新'),
    (13, 13, 1, b'1', 10, null, null, '0 0 0 ? * 4', 1, '定时定量，重置库存，每周四零点更新'),
    (14, 14, 1, b'1', 5, null, null, '0 0 0 ? * 4', 1, '定时定量，重置库存，每周四零点更新'),
    (15, 15, 1, b'0', 7, null, null, '0 0 0 ? * 4', 1, '定时定量，不重置库存，每周四零点更新'),
    (16, 16, 1, b'0', 3, null, null, '0 0 0 ? * 4', 1, '定时定量，不重置库存，每周四零点更新'),
    (17, 17, 2, b'1', null, 0, 20, '0 0 0 ? * 6', 1, '定时不定量，重置库存，每周六零点更新'),
    (18, 18, 2, b'1', null, 0, 1, '0 0 0 ? * 6', 1, '定时不定量，重置库存，每周六零点更新'),
    (100, 100, 1, b'1', 3200, null, null, '0 0/10 * * * ?', 1, '定时定量，重置库存，每十分钟更新'),
    (101, 101, 1, b'1', 3300, null, null, '0 0/10 * * * ?', 1, '定时定量，重置库存，每十分钟更新'),
    (102, 102, 1, b'1', 3400, null, null, '0 0/10 * * * ?', 1, '定时定量，重置库存，每十分钟更新'),
    (103, 103, 1, b'1', 3500, null, null, '0 0/10 * * * ?', 1, '定时定量，重置库存，每十分钟更新'),
    (104, 104, 1, b'1', 4100, null, null, '0 0/10 * * * ?', 1, '定时定量，重置库存，每十分钟更新'),
    (105, 105, 1, b'1', 4200, null, null, '0 0/10 * * * ?', 1, '定时定量，重置库存，每十分钟更新'),
    (106, 106, 1, b'1', 3800, null, null, '0 0/10 * * * ?', 1, '定时定量，重置库存，每十分钟更新'),
    (107, 107, 1, b'1', 3900, null, null, '0 0/10 * * * ?', 1, '定时定量，重置库存，每十分钟更新'),
    (108, 108, 1, b'1', 2600, null, null, '0 0/10 * * * ?', 1, '定时定量，重置库存，每十分钟更新'),
    (109, 109, 1, b'1', 2700, null, null, '0 0/10 * * * ?', 1, '定时定量，重置库存，每十分钟更新'),
    (110, 110, 1, b'1', 5100, null, null, '0 0/10 * * * ?', 1, '定时定量，重置库存，每十分钟更新'),
    (111, 111, 1, b'1', 5200, null, null, '0 0/10 * * * ?', 1, '定时定量，重置库存，每十分钟更新'),
    (112, 112, 1, b'1', 5300, null, null, '0 0/10 * * * ?', 1, '定时定量，重置库存，每十分钟更新'),
    (113, 113, 1, b'1', 5400, null, null, '0 0/10 * * * ?', 1, '定时定量，重置库存，每十分钟更新'),
    (114, 114, 1, b'1', 1700, null, null, '0 0/10 * * * ?', 1, '定时定量，重置库存，每十分钟更新'),
    (115, 115, 1, b'1', 1800, null, null, '0 0/10 * * * ?', 1, '定时定量，重置库存，每十分钟更新'),
    (116, 116, 1, b'1', 1900, null, null, '0 0/10 * * * ?', 1, '定时定量，重置库存，每十分钟更新'),
    (117, 117, 1, b'1', 5700, null, null, '0 0/10 * * * ?', 1, '定时定量，重置库存，每十分钟更新'),
    (118, 118, 1, b'1', 5800, null, null, '0 0/10 * * * ?', 1, '定时定量，重置库存，每十分钟更新'),
    (119, 119, 1, b'1', 4500, null, null, '0 0/10 * * * ?', 1, '定时定量，重置库存，每十分钟更新'),
    (120, 120, 1, b'1', 4600, null, null, '0 0/10 * * * ?', 1, '定时定量，重置库存，每十分钟更新'),
    (121, 121, 1, b'1', 2100, null, null, '0 0/10 * * * ?', 1, '定时定量，重置库存，每十分钟更新'),
    (122, 122, 1, b'1', 2200, null, null, '0 0/10 * * * ?', 1, '定时定量，重置库存，每十分钟更新'),
    (123, 123, 1, b'1', 6000, null, null, '0 0/10 * * * ?', 1, '定时定量，重置库存，每十分钟更新'),
    (124, 124, 1, b'1', 6000, null, null, '0 0/10 * * * ?', 1, '定时定量，重置库存，每十分钟更新'),
    (125, 125, 1, b'1', 6000, null, null, '0 0/10 * * * ?', 1, '定时定量，重置库存，每十分钟更新'),
    (126, 126, 1, b'1', 6000, null, null, '0 0/10 * * * ?', 1, '定时定量，重置库存，每十分钟更新');